Serial,Title,Rating,Price,Availability
1,A Light in the Attic,star-rating Three,£51.77,In stock
2,Tipping the Velvet,star-rating One,£53.74,In stock
3,Soumission,star-rating One,£50.10,In stock
4,Sharp Objects,star-rating Four,£47.82,In stock
5,Sapiens: A Brief History of Humankind,star-rating Five,£54.23,In stock
6,The Requiem Red,star-rating One,£22.65,In stock
7,The Dirty Little Secrets of Getting Your Dream Job,star-rating Four,£33.34,In stock
8,"The Coming Woman: A Novel Based on the Life of the Infamous Feminist, Victoria Woodhull",star-rating Three,£17.93,In stock
9,The Boys in the Boat: Nine Americans and Their Epic Quest for Gold at the 1936 Berlin Olympics,star-rating Four,£22.60,In stock
10,The Black Maria,star-rating One,£52.15,In stock
11,"Starving Hearts (Triangular Trade Trilogy, #1)",star-rating Two,£13.99,In stock
12,Shakespeare's Sonnets,star-rating Four,£20.66,In stock
13,Set Me Free,star-rating Five,£17.46,In stock
14,Scott Pilgrim's Precious Little Life (Scott Pilgrim #1),star-rating Five,£52.29,In stock
15,Rip it Up and Start Again,star-rating Five,£35.02,In stock
16,"Our Band Could Be Your Life: Scenes from the American Indie Underground, 1981-1991",star-rating Three,£57.25,In stock
17,Olio,star-rating One,£23.88,In stock
18,Mesaerion: The Best Science Fiction Stories 1800-1849,star-rating One,£37.59,In stock
19,Libertarianism for Beginners,star-rating Two,£51.33,In stock
20,It's Only the Himalayas,star-rating Two,£45.17,In stock
21,In Her Wake,star-rating One,£12.84,In stock
22,How Music Works,star-rating Two,£37.32,In stock
23,"Foolproof Preserving: A Guide to Small Batch Jams, Jellies, Pickles, Condiments, and More: A Foolproof Guide to Making Small Batch Jams, Jellies, Pickles, Condiments, and More",star-rating Three,£30.52,In stock
24,Chase Me (Paris Nights #2),star-rating Five,£25.27,In stock
25,Black Dust,star-rating Five,£34.53,In stock
26,Birdsong: A Story in Pictures,star-rating Three,£54.64,In stock
27,America's Cradle of Quarterbacks: Western Pennsylvania's Football Factory from Johnny Unitas to Joe Montana,star-rating Three,£22.50,In stock
28,Aladdin and His Wonderful Lamp,star-rating Three,£53.13,In stock
29,Worlds Elsewhere: Journeys Around Shakespeare’s Globe,star-rating Five,£40.30,In stock
30,Wall and Piece,star-rating Four,£44.18,In stock
31,The Four Agreements: A Practical Guide to Personal Freedom,star-rating Five,£17.66,In stock
32,The Five Love Languages: How to Express Heartfelt Commitment to Your Mate,star-rating Three,£31.05,In stock
33,The Elephant Tree,star-rating Five,£23.82,In stock
34,The Bear and the Piano,star-rating One,£36.89,In stock
35,Sophie's World,star-rating Five,£15.94,In stock
36,Penny Maybe,star-rating Three,£33.29,In stock
37,Maude (1883-1993):She Grew Up with the country,star-rating Two,£18.02,In stock
38,"In a Dark, Dark Wood",star-rating One,£19.63,In stock
39,Behind Closed Doors,star-rating Four,£52.22,In stock
40,You can't bury them all: Poems,star-rating Two,£33.63,In stock
41,Slow States of Collapse: Poems,star-rating Three,£57.31,In stock
42,Reasons to Stay Alive,star-rating Two,£26.41,In stock
43,Private Paris (Private #10),star-rating Five,£47.61,In stock
44,#HigherSelfie: Wake Up Your Life. Free Your Soul. Find Your Tribe.,star-rating Five,£23.11,In stock
45,Without Borders (Wanderlove #1),star-rating Two,£45.07,In stock
46,When We Collided,star-rating One,£31.77,In stock
47,"We Love You, Charlie Freeman",star-rating Five,£50.27,In stock
48,Untitled Collection: Sabbath Poems 2014,star-rating Four,£14.27,In stock
49,"Unseen City: The Majesty of Pigeons, the Discreet Charm of Snails & Other Wonders of the Urban Wilderness",star-rating Four,£44.18,In stock
50,Unicorn Tracks,star-rating Three,£18.78,In stock
51,"Unbound: How Eight Technologies Made Us Human, Transformed Society, and Brought Our World to the Brink",star-rating One,£25.52,In stock
52,Tsubasa: WoRLD CHRoNiCLE 2 (Tsubasa WoRLD CHRoNiCLE #2),star-rating One,£16.28,In stock
53,Throwing Rocks at the Google Bus: How Growth Became the Enemy of Prosperity,star-rating Three,£31.12,In stock
54,This One Summer,star-rating Four,£19.49,In stock
55,Thirst,star-rating Five,£17.27,In stock
56,The Torch Is Passed: A Harding Family Story,star-rating One,£19.09,In stock
57,The Secret of Dreadwillow Carse,star-rating One,£56.13,In stock
58,"The Pioneer Woman Cooks: Dinnertime: Comfort Classics, Freezer Food, 16-Minute Meals, and Other Delicious Ways to Solve Supper!",star-rating One,£56.41,In stock
59,The Past Never Ends,star-rating Four,£56.50,In stock
60,The Natural History of Us (The Fine Art of Pretending #2),star-rating Three,£45.22,In stock
61,The Nameless City (The Nameless City #1),star-rating Four,£38.16,In stock
62,The Murder That Never Was (Forensic Instincts #5),star-rating Three,£54.11,In stock
63,The Most Perfect Thing: Inside (and Outside) a Bird's Egg,star-rating Four,£42.96,In stock
64,"The Mindfulness and Acceptance Workbook for Anxiety: A Guide to Breaking Free from Anxiety, Phobias, and Worry Using Acceptance and Commitment Therapy",star-rating Four,£23.89,In stock
65,The Life-Changing Magic of Tidying Up: The Japanese Art of Decluttering and Organizing,star-rating Three,£16.77,In stock
66,"The Inefficiency Assassin: Time Management Tactics for Working Smarter, Not Longer",star-rating Five,£20.59,In stock
67,The Gutsy Girl: Escapades for Your Life of Epic Adventure,star-rating One,£37.13,In stock
68,The Electric Pencil: Drawings from Inside State Hospital No. 3,star-rating One,£56.06,In stock
69,The Death of Humanity: and the Case for Life,star-rating Four,£58.11,In stock
70,"The Bulletproof Diet: Lose up to a Pound a Day, Reclaim Energy and Focus, Upgrade Your Life",star-rating Three,£49.05,In stock
71,The Art Forger,star-rating Three,£40.76,In stock
72,The Age of Genius: The Seventeenth Century and the Birth of the Modern Mind,star-rating One,£19.73,In stock
73,The Activist's Tao Te Ching: Ancient Advice for a Modern Revolution,star-rating Five,£32.24,In stock
74,Spark Joy: An Illustrated Master Class on the Art of Organizing and Tidying Up,star-rating Four,£41.83,In stock
75,Soul Reader,star-rating Two,£39.58,In stock
76,Security,star-rating Two,£39.25,In stock
77,"Saga, Volume 6 (Saga (Collected Editions) #6)",star-rating Three,£25.02,In stock
78,"Saga, Volume 5 (Saga (Collected Editions) #5)",star-rating Two,£51.04,In stock
79,Reskilling America: Learning to Labor in the Twenty-First Century,star-rating Two,£19.83,In stock
80,"Rat Queens, Vol. 3: Demons (Rat Queens (Collected Editions) #11-15)",star-rating Three,£50.40,In stock
81,"Princess Jellyfish 2-in-1 Omnibus, Vol. 01 (Princess Jellyfish 2-in-1 Omnibus #1)",star-rating Five,£13.61,In stock
82,Princess Between Worlds (Wide-Awake Princess #5),star-rating Five,£13.34,In stock
83,"Pop Gun War, Volume 1: Gift",star-rating One,£18.97,In stock
84,"Political Suicide: Missteps, Peccadilloes, Bad Calls, Backroom Hijinx, Sordid Pasts, Rotten Breaks, and Just Plain Dumb Mistakes in the Annals of American Politics",star-rating Two,£36.28,In stock
85,Patience,star-rating Three,£10.16,In stock
86,"Outcast, Vol. 1: A Darkness Surrounds Him (Outcast #1)",star-rating Four,£15.44,In stock
87,orange: The Complete Collection 1 (orange: The Complete Collection #1),star-rating One,£48.41,In stock
88,Online Marketing for Busy Authors: A Step-By-Step Guide,star-rating One,£46.35,In stock
89,On a Midnight Clear,star-rating Three,£14.07,In stock
90,Obsidian (Lux #1),star-rating Two,£14.86,In stock
91,My Paris Kitchen: Recipes and Stories,star-rating Two,£33.37,In stock
92,Masks and Shadows,star-rating Two,£56.40,In stock
93,"Mama Tried: Traditional Italian Cooking for the Screwed, Crude, Vegan, and Tattooed",star-rating Four,£14.02,In stock
94,"Lumberjanes, Vol. 2: Friendship to the Max (Lumberjanes #5-8)",star-rating Two,£46.91,In stock
95,"Lumberjanes, Vol. 1: Beware the Kitten Holy (Lumberjanes #1-4)",star-rating Three,£45.61,In stock
96,Lumberjanes Vol. 3: A Terrible Plan (Lumberjanes #9-12),star-rating Two,£19.92,In stock
97,"Layered: Baking, Building, and Styling Spectacular Cakes",star-rating One,£40.11,In stock
98,Judo: Seven Steps to Black Belt (an Introductory Guide for Beginners),star-rating Two,£53.90,In stock
99,Join,star-rating Five,£35.67,In stock
100,In the Country We Love: My Family Divided,star-rating Four,£22.00,In stock
101,Immunity: How Elie Metchnikoff Changed the Course of Modern Medicine,star-rating Five,£57.36,In stock
102,"I Hate Fairyland, Vol. 1: Madly Ever After (I Hate Fairyland (Compilations) #1-5)",star-rating Two,£29.17,In stock
103,I am a Hero Omnibus Volume 1,star-rating Three,£54.63,In stock
104,How to Be Miserable: 40 Strategies You Already Use,star-rating One,£46.03,In stock
105,Her Backup Boyfriend (The Sorensen Family #1),star-rating One,£33.97,In stock
106,"Giant Days, Vol. 2 (Giant Days #5-8)",star-rating Two,£22.11,In stock
107,Forever and Forever: The Courtship of Henry Longfellow and Fanny Appleton,star-rating Three,£29.69,In stock
108,First and First (Five Boroughs #3),star-rating Four,£15.97,In stock
109,Fifty Shades Darker (Fifty Shades #2),star-rating One,£21.96,In stock
110,Everydata: The Misinformation Hidden in the Little Data You Consume Every Day,star-rating Two,£54.35,In stock
111,"Don't Be a Jerk: And Other Practical Advice from Dogen, Japan's Greatest Zen Master",star-rating Two,£37.97,In stock
112,Danganronpa Volume 1,star-rating Four,£51.99,In stock
113,Crown of Midnight (Throne of Glass #2),star-rating Three,£43.29,In stock
114,"Codename Baboushka, Volume 1: The Conclave of Death",star-rating Four,£36.72,In stock
115,Camp Midnight,star-rating Four,£17.08,In stock
116,Call the Nurse: True Stories of a Country Nurse on a Scottish Isle,star-rating Five,£29.14,In stock
117,Burning,star-rating Three,£28.81,In stock
118,Bossypants,star-rating Two,£49.46,In stock
119,"Bitch Planet, Vol. 1: Extraordinary Machine (Bitch Planet (Collected Editions))",star-rating Two,£37.92,In stock
120,"Avatar: The Last Airbender: Smoke and Shadow, Part 3 (Smoke and Shadow #3)",star-rating Two,£28.09,In stock
121,Algorithms to Live By: The Computer Science of Human Decisions,star-rating One,£30.81,In stock
122,A World of Flavor: Your Gluten Free Passport,star-rating One,£42.95,In stock
123,"A Piece of Sky, a Grain of Rice: A Memoir in Four Meditations",star-rating Five,£56.76,In stock
124,A Murder in Time,star-rating One,£16.64,In stock
125,A Flight of Arrows (The Pathfinders #2),star-rating Five,£55.53,In stock
126,A Fierce and Subtle Poison,star-rating Four,£28.13,In stock
127,A Court of Thorns and Roses (A Court of Thorns and Roses #1),star-rating One,£52.37,In stock
128,(Un)Qualified: How God Uses Broken People to Do Big Things,star-rating Five,£54.00,In stock
129,You Are What You Love: The Spiritual Power of Habit,star-rating Four,£21.87,In stock
130,"William Shakespeare's Star Wars: Verily, A New Hope (William Shakespeare's Star Wars #4)",star-rating Four,£43.30,In stock
131,Tuesday Nights in 1980,star-rating Two,£21.04,In stock
132,Tracing Numbers on a Train,star-rating Three,£41.60,In stock
133,Throne of Glass (Throne of Glass #1),star-rating Three,£35.07,In stock
134,Thomas Jefferson and the Tripoli Pirates: The Forgotten War That Changed American History,star-rating One,£59.64,In stock
135,Thirteen Reasons Why,star-rating One,£52.72,In stock
136,The White Cat and the Monk: A Retelling of the Poem “Pangur Bán”,star-rating Four,£58.08,In stock
137,The Wedding Dress,star-rating One,£24.12,In stock
138,The Vacationers,star-rating Four,£42.15,In stock
139,The Third Wave: An Entrepreneur’s Vision of the Future,star-rating Five,£12.61,In stock
140,The Stranger,star-rating Four,£17.44,In stock
141,The Shadow Hero (The Shadow Hero),star-rating One,£33.14,In stock
142,The Secret (The Secret #1),star-rating Four,£27.37,In stock
143,The Regional Office Is Under Attack!,star-rating Five,£51.36,In stock
144,The Psychopath Test: A Journey Through the Madness Industry,star-rating Two,£36.00,In stock
145,The Project,star-rating One,£10.65,In stock
146,The Power of Now: A Guide to Spiritual Enlightenment,star-rating Two,£43.54,In stock
147,The Omnivore's Dilemma: A Natural History of Four Meals,star-rating Two,£38.21,In stock
148,The Nerdy Nummies Cookbook: Sweet Treats for the Geek in All of Us,star-rating Five,£37.34,In stock
149,The Murder of Roger Ackroyd (Hercule Poirot #4),star-rating Four,£44.10,In stock
150,The Mistake (Off-Campus #2),star-rating Three,£43.29,In stock
151,The Matchmaker's Playbook (Wingmen Inc. #1),star-rating One,£55.85,In stock
152,The Love and Lemons Cookbook: An Apple-to-Zucchini Celebration of Impromptu Cooking,star-rating Two,£37.60,In stock
153,The Long Shadow of Small Ghosts: Murder and Memory in an American City,star-rating One,£10.97,In stock
154,The Kite Runner,star-rating Four,£41.82,In stock
155,The House by the Lake,star-rating One,£36.95,In stock
156,The Glittering Court (The Glittering Court #1),star-rating One,£44.28,In stock
157,The Girl on the Train,star-rating Two,£55.02,In stock
158,The Genius of Birds,star-rating One,£17.24,In stock
159,The Emerald Mystery,star-rating Two,£23.15,In stock
160,The Cookies & Cups Cookbook: 125+ sweet & savory recipes reminding you to Always Eat Dessert First,star-rating One,£41.25,In stock
161,The Bridge to Consciousness: I'm Writing the Bridge Between Science and Our Old and New Beliefs.,star-rating Three,£32.00,In stock
162,The Artist's Way: A Spiritual Path to Higher Creativity,star-rating Five,£38.49,In stock
163,The Art of War,star-rating Five,£33.34,In stock
164,The Argonauts,star-rating Two,£10.93,In stock
165,The 10% Entrepreneur: Live Your Startup Dream Without Quitting Your Day Job,star-rating Three,£27.55,In stock
166,Suddenly in Love (Lake Haven #1),star-rating Two,£55.99,In stock
167,Something More Than This,star-rating Four,£16.24,In stock
168,Soft Apocalypse,star-rating Two,£26.12,In stock
169,So You've Been Publicly Shamed,star-rating Two,£12.23,In stock
170,Shoe Dog: A Memoir by the Creator of NIKE,star-rating Two,£23.99,In stock
171,"Shobu Samurai, Project Aryoku (#3)",star-rating Three,£29.06,In stock
172,Secrets and Lace (Fatal Hearts #1),star-rating One,£20.27,In stock
173,Scarlett Epstein Hates It Here,star-rating Five,£43.55,In stock
174,Romero and Juliet: A Tragic Tale of Love and Zombies,star-rating One,£36.94,In stock
175,Redeeming Love,star-rating Five,£20.47,In stock
176,Poses for Artists Volume 1 - Dynamic and Sitting Poses: An Essential Reference for Figure Drawing and the Human Form,star-rating One,£41.06,In stock
177,Poems That Make Grown Women Cry,star-rating Four,£14.19,In stock
178,"Nightingale, Sing",star-rating One,£38.28,In stock
179,Night Sky with Exit Wounds,star-rating One,£41.05,In stock
180,Mrs. Houdini,star-rating Five,£30.25,In stock
181,Modern Romance,star-rating Five,£28.26,In stock
182,Miss Peregrine’s Home for Peculiar Children (Miss Peregrine’s Peculiar Children #1),star-rating One,£10.76,In stock
183,Louisa: The Extraordinary Life of Mrs. Adams,star-rating Two,£16.85,In stock
184,Little Red,star-rating Three,£13.47,In stock
185,Library of Souls (Miss Peregrine’s Peculiar Children #3),star-rating Five,£48.56,In stock
186,Large Print Heart of the Pride,star-rating Two,£19.15,In stock
187,I Had a Nice Time And Other Lies...: How to find love & sh*t like that,star-rating Four,£57.36,In stock
188,Hollow City (Miss Peregrine’s Peculiar Children #2),star-rating One,£42.98,In stock
189,Grumbles,star-rating Two,£22.16,In stock
190,Full Moon over Noah’s Ark: An Odyssey to Mount Ararat and Beyond,star-rating Four,£49.43,In stock
191,Frostbite (Vampire Academy #2),star-rating Five,£29.99,In stock
192,Follow You Home,star-rating One,£21.36,In stock
193,First Steps for New Christians (Print Edition),star-rating One,£29.00,In stock
194,Finders Keepers (Bill Hodges Trilogy #2),star-rating Five,£53.53,In stock
195,"Fables, Vol. 1: Legends in Exile (Fables #1)",star-rating Four,£41.62,In stock
196,Eureka Trivia 6.0,star-rating Four,£54.59,In stock
197,Drive: The Surprising Truth About What Motivates Us,star-rating Four,£34.95,In stock
198,Done Rubbed Out (Reightman & Bailey #1),star-rating Five,£37.72,In stock
199,Doing It Over (Most Likely To #1),star-rating Three,£35.61,In stock
200,"Deliciously Ella Every Day: Quick and Easy Recipes for Gluten-Free Snacks, Packed Lunches, and Simple Meals",star-rating Three,£42.16,In stock
201,Dark Notes,star-rating Five,£19.19,In stock
202,"Daring Greatly: How the Courage to Be Vulnerable Transforms the Way We Live, Love, Parent, and Lead",star-rating Three,£19.43,In stock
203,Close to You,star-rating Four,£49.46,In stock
204,Chasing Heaven: What Dying Taught Me About Living,star-rating Two,£37.80,In stock
205,Big Magic: Creative Living Beyond Fear,star-rating Three,£30.80,In stock
206,Becoming Wise: An Inquiry into the Mystery and Art of Living,star-rating Two,£27.43,In stock
207,Beauty Restored (Riley Family Legacy Novellas #3),star-rating Two,£11.11,In stock
208,Batman: The Long Halloween (Batman),star-rating Two,£36.50,In stock
209,Batman: The Dark Knight Returns (Batman),star-rating Five,£15.38,In stock
210,Ayumi's Violin,star-rating Two,£15.48,In stock
211,Anonymous,star-rating Four,£46.82,In stock
212,Amy Meets the Saints and Sages,star-rating Three,£18.46,In stock
213,Amid the Chaos,star-rating One,£36.58,In stock
214,Amatus,star-rating Five,£50.54,In stock
215,Agnostic: A Spirited Manifesto,star-rating Five,£12.51,In stock
216,Zealot: The Life and Times of Jesus of Nazareth,star-rating Three,£24.70,In stock
217,You (You #1),star-rating Five,£43.61,In stock
218,"Wonder Woman: Earth One, Volume One (Wonder Woman: Earth One #1)",star-rating Four,£37.34,In stock
219,Wild Swans,star-rating Two,£14.36,In stock
220,Why the Right Went Wrong: Conservatism--From Goldwater to the Tea Party and Beyond,star-rating Four,£52.65,In stock
221,Whole Lotta Creativity Going On: 60 Fun and Unusual Exercises to Awaken and Strengthen Your Creativity,star-rating Four,£38.20,In stock
222,What's It Like in Space?: Stories from Astronauts Who've Been There,star-rating Two,£19.60,In stock
223,"We Are Robin, Vol. 1: The Vigilante Business (We Are Robin #1)",star-rating One,£53.90,In stock
224,Walt Disney's Alice in Wonderland,star-rating Five,£12.96,In stock
225,V for Vendetta (V for Vendetta Complete),star-rating Four,£37.10,In stock
226,Until Friday Night (The Field Party #1),star-rating Two,£46.31,In stock
227,"Unbroken: A World War II Story of Survival, Resilience, and Redemption",star-rating Two,£45.95,In stock
228,Twenty Yawns,star-rating Two,£22.08,In stock
229,Through the Woods,star-rating Two,£25.38,In stock
230,This Is Where It Ends,star-rating Two,£27.12,In stock
231,The Year of Magical Thinking,star-rating Two,£43.04,In stock
232,The Wright Brothers,star-rating Four,£56.80,In stock
233,The White Queen (The Cousins' War #1),star-rating Five,£25.91,In stock
234,The Wedding Pact (The O'Malleys #2),star-rating Three,£32.61,In stock
235,The Time Keeper,star-rating Five,£27.88,In stock
236,The Testament of Mary,star-rating Four,£52.67,In stock
237,The Star-Touched Queen,star-rating Five,£46.02,In stock
238,The Songs of the Gods,star-rating Five,£44.48,In stock
239,The Song of Achilles,star-rating Five,£37.40,In stock
240,The Rosie Project (Don Tillman #1),star-rating One,£54.04,In stock
241,The Power of Habit: Why We Do What We Do in Life and Business,star-rating Three,£16.88,In stock
242,The Marriage of Opposites,star-rating Four,£28.08,In stock
243,The Lucifer Effect: Understanding How Good People Turn Evil,star-rating One,£10.40,In stock
244,The Long Haul (Diary of a Wimpy Kid #9),star-rating One,£44.07,In stock
245,The Loney,star-rating One,£23.40,In stock
246,The Literature Book (Big Ideas Simply Explained),star-rating Three,£17.43,In stock
247,The Last Mile (Amos Decker #2),star-rating Two,£54.21,In stock
248,The Immortal Life of Henrietta Lacks,star-rating Two,£40.67,In stock
249,The Hidden Oracle (The Trials of Apollo #1),star-rating Two,£52.26,In stock
250,The Help Yourself Cookbook for Kids: 60 Easy Plant-Based Recipes Kids Can Make to Stay Healthy and Save the Earth,star-rating Three,£28.77,In stock
251,The Guilty (Will Robie #4),star-rating Two,£13.82,In stock
252,The First Hostage (J.B. Collins #2),star-rating Three,£25.85,In stock
253,The Dovekeepers,star-rating One,£48.78,In stock
254,The Darkest Lie,star-rating Five,£35.35,In stock
255,The Bane Chronicles (The Bane Chronicles #1-11),star-rating Four,£44.73,In stock
256,The Bad-Ass Librarians of Timbuktu: And Their Race to Save the World’s Most Precious Manuscripts,star-rating One,£15.77,In stock
257,The 14th Colony (Cotton Malone #11),star-rating One,£39.24,In stock
258,That Darkness (Gardiner and Renner #1),star-rating One,£13.92,In stock
259,Tastes Like Fear (DI Marnie Rome #3),star-rating One,£10.69,In stock
260,Take Me with You,star-rating Three,£45.21,In stock
261,Swell: A Year of Waves,star-rating One,£45.58,In stock
262,Superman Vol. 1: Before Truth (Superman by Gene Luen Yang #1),star-rating Five,£11.89,In stock
263,Still Life with Bread Crumbs,star-rating Three,£26.41,In stock
264,Steve Jobs,star-rating Five,£39.50,In stock
265,Sorting the Beef from the Bull: The Science of Food Fraud Forensics,star-rating Four,£44.74,In stock
266,Someone Like You (The Harrisons #2),star-rating Five,£52.79,In stock
267,"So Cute It Hurts!!, Vol. 6 (So Cute It Hurts!! #6)",star-rating Four,£35.43,In stock
268,Shtum,star-rating Four,£55.84,In stock
269,See America: A Celebration of Our National Parks & Treasured Sites,star-rating Three,£48.87,In stock
270,salt.,star-rating Four,£46.78,In stock
271,Robin War,star-rating Three,£47.82,In stock
272,"Red Hood/Arsenal, Vol. 1: Open for Business (Red Hood/Arsenal #1)",star-rating Two,£25.48,In stock
273,Rain Fish,star-rating Three,£23.57,In stock
274,"Quarter Life Poetry: Poems for the Young, Broke and Hangry",star-rating Five,£50.89,In stock
275,Pet Sematary,star-rating Three,£10.56,In stock
276,"Overload: How to Unplug, Unwind, and Unleash Yourself from the Pressure of Stress",star-rating Three,£52.15,In stock
277,Once Was a Time,star-rating Two,£18.28,In stock
278,Old School (Diary of a Wimpy Kid #10),star-rating Five,£11.83,In stock
279,No Dream Is Too High: Life Lessons From a Man Who Walked on the Moon,star-rating Two,£21.95,In stock
280,"Naruto (3-in-1 Edition), Vol. 14: Includes Vols. 40, 41 & 42 (Naruto: Omnibus #14)",star-rating Two,£38.39,In stock
281,My Name Is Lucy Barton,star-rating One,£41.56,In stock
282,My Mrs. Brown,star-rating Three,£24.48,In stock
283,My Kind of Crazy,star-rating One,£40.36,In stock
284,Mr. Mercedes (Bill Hodges Trilogy #1),star-rating One,£28.90,In stock
285,More Than Music (Chasing the Dream #1),star-rating Two,£37.61,In stock
286,Made to Stick: Why Some Ideas Survive and Others Die,star-rating Five,£38.85,In stock
287,Luis Paints the World,star-rating Three,£53.95,In stock
288,Luckiest Girl Alive,star-rating Three,£49.83,In stock
289,Lowriders to the Center of the Earth (Lowriders in Space #2),star-rating Two,£51.51,In stock
290,Love Is a Mix Tape (Music #1),star-rating One,£18.03,In stock
291,Looking for Lovely: Collecting the Moments that Matter,star-rating Five,£29.14,In stock
292,"Living Leadership by Insight: A Good Leader Achieves, a Great Leader Builds Monuments",star-rating Four,£46.91,In stock
293,Let It Out: A Journey Through Journaling,star-rating Five,£26.79,In stock
294,Lady Midnight (The Dark Artifices #1),star-rating Five,£16.28,In stock
295,"It's All Easy: Healthy, Delicious Weeknight Meals in under 30 Minutes",star-rating One,£19.55,In stock
296,Island of Dragons (Unwanteds #7),star-rating One,£29.65,In stock
297,I Know What I'm Doing -- and Other Lies I Tell Myself: Dispatches from a Life Under Construction,star-rating Four,£25.98,In stock
298,I Am Pilgrim (Pilgrim #1),star-rating Four,£10.60,In stock
299,"Hyperbole and a Half: Unfortunate Situations, Flawed Coping Mechanisms, Mayhem, and Other Things That Happened",star-rating Five,£14.75,In stock
300,"Hush, Hush (Hush, Hush #1)",star-rating Three,£47.02,In stock
301,Hold Your Breath (Search and Rescue #1),star-rating One,£28.82,In stock
302,Hamilton: The Revolution,star-rating Three,£58.79,In stock
303,Greek Mythic History,star-rating Five,£10.23,In stock
304,God: The Most Unpleasant Character in All Fiction,star-rating Five,£30.03,In stock
305,Glory over Everything: Beyond The Kitchen House,star-rating Three,£45.84,In stock
306,Feathers: Displays of Brilliant Plumage,star-rating Three,£49.05,In stock
307,"Far & Away: Places on the Brink of Change: Seven Continents, Twenty-Five Years",star-rating Four,£15.06,In stock
308,Every Last Word,star-rating Three,£46.47,In stock
309,Eligible (The Austen Project #4),star-rating Three,£27.09,In stock
310,El Deafo,star-rating Five,£57.62,In stock
311,Eight Hundred Grapes,star-rating Four,£14.39,In stock
312,"Eaternity: More than 150 Deliciously Easy Vegan Recipes for a Long, Healthy, Satisfied, Joyful Life",star-rating Five,£51.75,In stock
313,"Eat Fat, Get Thin",star-rating Two,£54.07,In stock
314,Don't Get Caught,star-rating One,£55.35,In stock
315,Doctor Sleep (The Shining #2),star-rating Two,£40.12,In stock
316,Demigods & Magicians: Percy and Annabeth Meet the Kanes (Percy Jackson & Kane Chronicles Crossover #1-3),star-rating Five,£37.51,In stock
317,Dear Mr. Knightley,star-rating Five,£11.21,In stock
318,Daily Fantasy Sports,star-rating One,£36.58,In stock
319,Crazy Love: Overwhelmed by a Relentless God,star-rating Two,£47.72,In stock
320,Cometh the Hour (The Clifton Chronicles #6),star-rating Three,£25.01,In stock
321,Code Name Verity (Code Name Verity #1),star-rating Four,£22.13,In stock
322,Clockwork Angel (The Infernal Devices #1),star-rating One,£44.14,In stock
323,City of Glass (The Mortal Instruments #3),star-rating Four,£56.02,In stock
324,City of Fallen Angels (The Mortal Instruments #4),star-rating Four,£11.23,In stock
325,City of Bones (The Mortal Instruments #1),star-rating One,£43.28,In stock
326,City of Ashes (The Mortal Instruments #2),star-rating One,£47.27,In stock
327,Cell,star-rating Four,£20.29,In stock
328,Catching Jordan (Hundred Oaks),star-rating Three,£50.83,In stock
329,"Carry On, Warrior: Thoughts on Life Unarmed",star-rating Three,£31.85,In stock
330,Carrie,star-rating Two,£46.23,In stock
331,Buying In: The Secret Dialogue Between What We Buy and Who We Are,star-rating Four,£37.80,In stock
332,Brain on Fire: My Month of Madness,star-rating Five,£49.32,In stock
333,Batman: Europa,star-rating Two,£32.01,In stock
334,Barefoot Contessa Back to Basics,star-rating One,£28.01,In stock
335,Barefoot Contessa at Home: Everyday Recipes You'll Make Over and Over Again,star-rating Five,£50.62,In stock
336,Balloon Animals,star-rating Three,£17.03,In stock
337,Art Ops Vol. 1,star-rating Three,£48.80,In stock
338,Aristotle and Dante Discover the Secrets of the Universe (Aristotle and Dante Discover the Secrets of the Universe #1),star-rating Four,£58.14,In stock
339,Angels Walking (Angels Walking #1),star-rating Two,£34.20,In stock
340,Angels & Demons (Robert Langdon #1),star-rating Three,£51.48,In stock
341,All the Light We Cannot See,star-rating Five,£29.87,In stock
342,"Adulthood Is a Myth: A ""Sarah's Scribbles"" Collection",star-rating Two,£10.90,In stock
343,Abstract City,star-rating Five,£56.37,In stock
344,A Time of Torment (Charlie Parker #14),star-rating Five,£48.35,In stock
345,A Study in Scarlet (Sherlock Holmes #1),star-rating Two,£16.73,In stock
346,"A Series of Catastrophes and Miracles: A True Story of Love, Science, and Cancer",star-rating Two,£56.48,In stock
347,A People's History of the United States,star-rating Two,£40.79,In stock
348,A Man Called Ove,star-rating One,£39.72,In stock
349,A Distant Mirror: The Calamitous 14th Century,star-rating Three,£14.58,In stock
350,A Brush of Wings (Angels Walking #3),star-rating One,£55.51,In stock
351,1491: New Revelations of the Americas Before Columbus,star-rating Three,£21.80,In stock
352,"The Three Searches, Meaning, and the Story",star-rating Three,£13.33,In stock
353,Searching for Meaning in Gailana,star-rating One,£38.73,In stock
354,Rook,star-rating Four,£37.86,In stock
355,My Kitchen Year: 136 Recipes That Saved My Life,star-rating Two,£11.53,In stock
356,13 Hours: The Inside Account of What Really Happened In Benghazi,star-rating One,£27.06,In stock
357,Will You Won't You Want Me?,star-rating Three,£13.86,In stock
358,Tipping Point for Planet Earth: How Close Are We to the Edge?,star-rating One,£37.55,In stock
359,The Star-Touched Queen,star-rating Five,£32.30,In stock
360,The Silent Sister (Riley MacPherson #1),star-rating Five,£46.29,In stock
361,The Midnight Watch: A Novel of the Titanic and the Californian,star-rating One,£26.20,In stock
362,The Lonely City: Adventures in the Art of Being Alone,star-rating Two,£33.26,In stock
363,The Gray Rhino: How to Recognize and Act on the Obvious Dangers We Ignore,star-rating Four,£59.15,In stock
364,The Golden Condom: And Other Essays on Love Lost and Found,star-rating One,£39.43,In stock
365,The Epidemic (The Program 0.6),star-rating Five,£14.44,In stock
366,The Dinner Party,star-rating Two,£56.54,In stock
367,The Diary of a Young Girl,star-rating Three,£59.90,In stock
368,The Children,star-rating Three,£11.88,In stock
369,Stars Above (The Lunar Chronicles #4.5),star-rating Two,£48.05,In stock
370,Snatched: How A Drug Queen Went Undercover for the DEA and Was Kidnapped By Colombian Guerillas,star-rating Three,£21.21,In stock
371,Raspberry Pi Electronics Projects for the Evil Genius,star-rating Four,£49.67,In stock
372,Quench Your Own Thirst: Business Lessons Learned Over a Beer or Two,star-rating One,£43.14,In stock
373,Psycho: Sanitarium (Psycho #1.5),star-rating Five,£36.97,In stock
374,Poisonous (Max Revere Novels #3),star-rating Three,£26.80,In stock
375,One with You (Crossfire #5),star-rating Four,£15.71,In stock
376,No Love Allowed (Dodge Cove #1),star-rating Four,£54.65,In stock
377,Murder at the 42nd Street Library (Raymond Ambler #1),star-rating Four,£54.36,In stock
378,Most Wanted,star-rating Three,£35.28,In stock
379,"Love, Lies and Spies",star-rating Two,£20.55,In stock
380,How to Speak Golf: An Illustrated Guide to Links Lingo,star-rating Five,£58.32,In stock
381,Hide Away (Eve Duncan #20),star-rating One,£11.84,In stock
382,Furiously Happy: A Funny Book About Horrible Things,star-rating Four,£41.46,In stock
383,Everyday Italian: 125 Simple and Delicious Recipes,star-rating Five,£20.10,In stock
384,Equal Is Unfair: America's Misguided Fight Against Income Inequality,star-rating One,£56.86,In stock
385,Eleanor & Park,star-rating Five,£56.51,In stock
386,Dirty (Dive Bar #1),star-rating Four,£40.83,In stock
387,Can You Keep a Secret? (Fear Street Relaunch #4),star-rating One,£48.64,In stock
388,Boar Island (Anna Pigeon #19),star-rating Three,£59.48,In stock
389,A Paris Apartment,star-rating Four,£39.01,In stock
390,"A la Mode: 120 Recipes in 60 Pairings: Pies, Tarts, Cakes, Crisps, and More Topped with Ice Cream, Gelato, Frozen Custard, and More",star-rating One,£38.77,In stock
391,Troublemaker: Surviving Hollywood and Scientology,star-rating Two,£48.39,In stock
392,The Widow,star-rating Two,£27.26,In stock
393,"The Sleep Revolution: Transforming Your Life, One Night at a Time",star-rating Four,£11.68,In stock
394,The Improbability of Love,star-rating One,£59.45,In stock
395,The Art of Startup Fundraising,star-rating Three,£21.00,In stock
396,Take Me Home Tonight (Rock Star Romance #3),star-rating Three,£53.98,In stock
397,Sleeping Giants (Themis Files #1),star-rating One,£48.74,In stock
398,"Setting the World on Fire: The Brief, Astonishing Life of St. Catherine of Siena",star-rating Two,£21.15,In stock
399,Playing with Fire,star-rating Three,£13.71,In stock
400,Off the Hook (Fishing for Trouble #1),star-rating Three,£47.67,In stock
401,Mothering Sunday,star-rating Two,£13.34,In stock
402,"Mother, Can You Not?",star-rating Five,£16.89,In stock
403,M Train,star-rating One,£27.18,In stock
404,Lilac Girls,star-rating Two,£17.28,In stock
405,Lies and Other Acts of Love,star-rating One,£45.14,In stock
406,Lab Girl,star-rating One,£40.85,In stock
407,Keep Me Posted,star-rating Four,£20.46,In stock
408,It Didn't Start with You: How Inherited Family Trauma Shapes Who We Are and How to End the Cycle,star-rating Three,£56.27,In stock
409,Grey (Fifty Shades #4),star-rating Four,£48.49,In stock
410,"Exit, Pursued by a Bear",star-rating Four,£51.34,In stock
411,Daredevils,star-rating Three,£16.34,In stock
412,Cravings: Recipes for What You Want to Eat,star-rating Three,£20.50,In stock
413,Born for This: How to Find the Work You Were Meant to Do,star-rating Five,£21.59,In stock
414,Arena,star-rating Four,£21.36,In stock
415,Adultery,star-rating Five,£20.88,In stock
416,A Mother's Reckoning: Living in the Aftermath of Tragedy,star-rating Three,£19.53,In stock
417,A Gentleman's Position (Society of Gentlemen #3),star-rating Five,£14.75,In stock
418,11/22/63,star-rating Three,£48.48,In stock
419,"10% Happier: How I Tamed the Voice in My Head, Reduced Stress Without Losing My Edge, and Found Self-Help That Actually Works",star-rating Two,£24.57,In stock
420,10-Day Green Smoothie Cleanse: Lose Up to 15 Pounds in 10 Days!,star-rating Five,£49.71,In stock
421,Without Shame,star-rating Five,£48.27,In stock
422,Watchmen,star-rating Four,£58.05,In stock
423,Unlimited Intuition Now,star-rating Four,£58.87,In stock
424,Underlying Notes,star-rating Two,£11.82,In stock
425,The Shack,star-rating One,£28.03,In stock
426,The New Brand You: Your New Image Makes the Sale for You,star-rating Five,£44.05,In stock
427,"The Moosewood Cookbook: Recipes from Moosewood Restaurant, Ithaca, New York",star-rating Four,£12.34,In stock
428,The Flowers Lied,star-rating Two,£16.68,In stock
429,"The Fabric of the Cosmos: Space, Time, and the Texture of Reality",star-rating One,£55.91,In stock
430,The Book of Mormon,star-rating Three,£24.57,In stock
431,The Art and Science of Low Carbohydrate Living,star-rating Five,£52.98,In stock
432,The Alien Club,star-rating One,£54.40,In stock
433,Suzie Snowflake: One beautiful flake (a self-esteem story),star-rating Five,£54.81,In stock
434,Nap-a-Roo,star-rating One,£25.08,In stock
435,"NaNo What Now? Finding your editing process, revising your NaNoWriMo book and building a writing career through publishing and beyond",star-rating Four,£10.41,In stock
436,Modern Day Fables,star-rating Two,£47.44,In stock
437,If I Gave You God's Phone Number....: Searching for Spirituality in America,star-rating One,£20.91,In stock
438,"Fruits Basket, Vol. 9 (Fruits Basket #9)",star-rating Four,£33.95,In stock
439,Dress Your Family in Corduroy and Denim,star-rating Three,£43.68,In stock
440,Don't Forget Steven,star-rating One,£33.23,In stock
441,Chernobyl 01:23:40: The Incredible True Story of the World's Worst Nuclear Disaster,star-rating Two,£35.92,In stock
442,Art and Fear: Observations on the Perils (and Rewards) of Artmaking,star-rating Four,£48.63,In stock
443,A Shard of Ice (The Black Symphony Saga #1),star-rating Three,£56.63,In stock
444,A Hero's Curse (The Unseen Chronicles #1),star-rating Three,£50.49,In stock
445,23 Degrees South: A Tropical Tale of Changing Whether...,star-rating Two,£35.79,In stock
446,"Zero to One: Notes on Startups, or How to Build the Future",star-rating Three,£34.06,In stock
447,Why Not Me?,star-rating One,£17.76,In stock
448,When Breath Becomes Air,star-rating Two,£39.36,In stock
449,Vagabonding: An Uncommon Guide to the Art of Long-Term World Travel,star-rating Two,£36.94,In stock
450,The Unlikely Pilgrimage of Harold Fry (Harold Fry #1),star-rating Five,£43.62,In stock
451,The New Drawing on the Right Side of the Brain,star-rating Three,£43.02,In stock
452,"The Midnight Assassin: Panic, Scandal, and the Hunt for America's First Serial Killer",star-rating Four,£28.45,In stock
453,The Martian (The Martian #1),star-rating Two,£41.39,In stock
454,The High Mountains of Portugal,star-rating One,£51.15,In stock
455,The Grownup,star-rating One,£35.88,In stock
456,The E-Myth Revisited: Why Most Small Businesses Don't Work and What to Do About It,star-rating One,£36.91,In stock
457,South of Sunshine,star-rating One,£28.93,In stock
458,Smarter Faster Better: The Secrets of Being Productive in Life and Business,star-rating Five,£38.89,In stock
459,Silence in the Dark (Logan Point #4),star-rating Three,£58.33,In stock
460,Shadows of the Past (Logan Point #1),star-rating Five,£39.67,In stock
461,Roller Girl,star-rating Five,£14.10,In stock
462,Rising Strong,star-rating Three,£21.82,In stock
463,Proofs of God: Classical Arguments from Tertullian to Barth,star-rating One,£54.21,In stock
464,Please Kill Me: The Uncensored Oral History of Punk,star-rating Four,£31.19,In stock
465,Out of Print: City Lights Spotlight No. 14,star-rating Five,£53.64,In stock
466,My Life Next Door (My Life Next Door ),star-rating Five,£36.39,In stock
467,Miller's Valley,star-rating Two,£58.54,In stock
468,Man's Search for Meaning,star-rating Three,£29.48,In stock
469,"Love That Boy: What Two Presidents, Eight Road Trips, and My Son Taught Me About a Parent's Expectations",star-rating Two,£25.06,In stock
470,Living Forward: A Proven Plan to Stop Drifting and Get the Life You Want,star-rating Three,£12.55,In stock
471,Les Fleurs du Mal,star-rating Five,£29.04,In stock
472,Left Behind (Left Behind #1),star-rating Two,£40.72,In stock
473,Kill 'Em and Leave: Searching for James Brown and the American Soul,star-rating Five,£45.05,In stock
474,Kierkegaard: A Christian Missionary to Christians,star-rating One,£47.13,In stock
475,John Vassos: Industrial Design for Modern Life,star-rating Four,£20.22,In stock
476,I'll Give You the Sun,star-rating One,£56.48,In stock
477,I Will Find You,star-rating One,£44.21,In stock
478,Hystopia: A Novel,star-rating Four,£21.96,In stock
479,Howl and Other Poems,star-rating Two,£40.45,In stock
480,History of Beauty,star-rating Four,£10.29,In stock
481,Heaven is for Real: A Little Boy's Astounding Story of His Trip to Heaven and Back,star-rating Two,£52.86,In stock
482,Future Shock (Future Shock #1),star-rating Five,£55.65,In stock
483,Ender's Game (The Ender Quintet #1),star-rating One,£43.64,In stock
484,Diary of a Citizen Scientist: Chasing Tiger Beetles and Other New Ways of Engaging the World,star-rating One,£28.41,In stock
485,Death by Leisure: A Cautionary Tale,star-rating Four,£37.51,In stock
486,Brilliant Beacons: A History of the American Lighthouse,star-rating Three,£11.45,In stock
487,Brazen: The Courage to Find the You That's Been Hiding,star-rating Two,£19.22,In stock
488,Between the World and Me,star-rating Four,£56.91,In stock
489,Being Mortal: Medicine and What Matters in the End,star-rating Four,£55.06,In stock
490,"A Murder Over a Girl: Justice, Gender, Junior High",star-rating Three,£13.20,In stock
491,32 Yolks,star-rating Two,£53.63,In stock
492,"""Most Blessed of the Patriarchs"": Thomas Jefferson and the Empire of the Imagination",star-rating Five,£44.48,In stock
493,You Are a Badass: How to Stop Doubting Your Greatness and Start Living an Awesome Life,star-rating Three,£12.08,In stock
494,Wildlife of New York: A Five-Borough Coloring Book,star-rating Two,£22.14,In stock
495,What Happened on Beale Street (Secrets of the South Mysteries #2),star-rating Five,£25.37,In stock
496,Unreasonable Hope: Finding Faith in the God Who Brings Purpose to Your Pain,star-rating Two,£46.33,In stock
497,Under the Tuscan Sun,star-rating Three,£37.33,In stock
498,Toddlers Are A**holes: It's Not Your Fault,star-rating One,£25.55,In stock
499,The Year of Living Biblically: One Man's Humble Quest to Follow the Bible as Literally as Possible,star-rating One,£34.72,In stock
500,The Whale,star-rating Four,£35.96,In stock
501,The Story of Art,star-rating Four,£41.14,In stock
502,The Origin of Species,star-rating Four,£10.01,In stock
503,The Great Gatsby,star-rating Four,£36.05,In stock
504,The Good Girl,star-rating Three,£49.03,In stock
505,The Glass Castle,star-rating One,£16.24,In stock
506,The Faith of Christopher Hitchens: The Restless Soul of the World's Most Notorious Atheist,star-rating One,£39.55,In stock
507,The Drowning Girls,star-rating Three,£35.67,In stock
508,The Constant Princess (The Tudor Court #1),star-rating Three,£16.62,In stock
509,The Bourne Identity (Jason Bourne #1),star-rating Four,£42.78,In stock
510,The Bachelor Girl's Guide to Murder (Herringford and Watts Mysteries #1),star-rating Five,£52.30,In stock
511,The Art Book,star-rating Two,£32.34,In stock
512,The 7 Habits of Highly Effective People: Powerful Lessons in Personal Change,star-rating Four,£33.17,In stock
513,Team of Rivals: The Political Genius of Abraham Lincoln,star-rating Five,£20.12,In stock
514,Steal Like an Artist: 10 Things Nobody Told You About Being Creative,star-rating Two,£20.90,In stock
515,"Sit, Stay, Love",star-rating Three,£20.90,In stock
516,Sister Dear,star-rating Four,£40.20,In stock
517,"Shrunken Treasures: Literary Classics, Short, Sweet, and Silly",star-rating Three,£52.87,In stock
518,"Rich Dad, Poor Dad",star-rating One,£51.74,In stock
519,Raymie Nightingale,star-rating Two,£34.41,In stock
520,Playing from the Heart,star-rating One,£32.38,In stock
521,Nightstruck: A Novel,star-rating Four,£50.35,In stock
522,"Naturally Lean: 125 Nourishing Gluten-Free, Plant-Based Recipes--All Under 300 Calories",star-rating Five,£11.38,In stock
523,Meternity,star-rating Three,£43.58,In stock
524,Memoirs of a Geisha,star-rating Three,£49.67,In stock
525,Like Never Before (Walker Family #2),star-rating Two,£28.77,In stock
526,Life of Pi,star-rating Four,£13.22,In stock
527,Leave This Song Behind: Teen Poetry at Its Best,star-rating Five,£51.17,In stock
528,King's Folly (The Kinsman Chronicles #1),star-rating Five,£39.61,In stock
529,John Adams,star-rating Four,£57.43,In stock
530,How to Cook Everything Vegetarian: Simple Meatless Recipes for Great Food (How to Cook Everything),star-rating Four,£46.01,In stock
531,How to Be a Domestic Goddess: Baking and the Art of Comfort Cooking,star-rating Two,£28.25,In stock
532,Good in Bed (Cannie Shapiro #1),star-rating Five,£37.05,In stock
533,"Fruits Basket, Vol. 7 (Fruits Basket #7)",star-rating One,£19.57,In stock
534,For the Love: Fighting for Grace in a World of Impossible Standards,star-rating Three,£45.13,In stock
535,Finding God in the Ruins: How God Redeems Pain,star-rating Two,£46.64,In stock
536,Every Heart a Doorway (Every Heart A Doorway #1),star-rating Five,£12.16,In stock
537,Delivering the Truth (Quaker Midwife Mystery #1),star-rating Four,£20.89,In stock
538,Counted With the Stars (Out from Egypt #1),star-rating Five,£17.97,In stock
539,"Chronicles, Vol. 1",star-rating Two,£52.60,In stock
540,Blue Like Jazz: Nonreligious Thoughts on Christian Spirituality,star-rating One,£25.77,In stock
541,Benjamin Franklin: An American Life,star-rating Three,£48.19,In stock
542,"At The Existentialist Café: Freedom, Being, and apricot cocktails with: Jean-Paul Sartre, Simone de Beauvoir, Albert Camus, Martin Heidegger, Edmund Husserl, Karl Jaspers, Maurice Merleau-Ponty and others",star-rating Five,£29.93,In stock
543,A Summer In Europe,star-rating Two,£44.34,In stock
544,A Short History of Nearly Everything,star-rating Five,£52.40,In stock
545,A Gathering of Shadows (Shades of Magic #2),star-rating Four,£44.81,In stock
546,The Sound Of Love,star-rating Five,£57.84,In stock
547,The Rise and Fall of the Third Reich: A History of Nazi Germany,star-rating Two,£39.67,In stock
548,The Perks of Being a Wallflower,star-rating Three,£55.02,In stock
549,The Mysterious Affair at Styles (Hercule Poirot #1),star-rating Four,£24.80,In stock
550,The Man Who Mistook His Wife for a Hat and Other Clinical Tales,star-rating Four,£59.45,In stock
551,The Makings of a Fatherless Child,star-rating Two,£31.58,In stock
552,The Joy of Cooking,star-rating Four,£43.27,In stock
553,The Invention of Wings,star-rating One,£37.34,In stock
554,The Hobbit (Middle-Earth Universe),star-rating Five,£17.80,In stock
555,The Great Railway Bazaar,star-rating One,£30.54,In stock
556,The Golden Compass (His Dark Materials #1),star-rating One,£18.77,In stock
557,The God Delusion,star-rating Three,£46.85,In stock
558,The Girl You Left Behind (The Girl You Left Behind #1),star-rating One,£15.79,In stock
559,The Fellowship of the Ring (The Lord of the Rings #1),star-rating Two,£10.27,In stock
560,The Collected Poems of W.B. Yeats (The Collected Works of W.B. Yeats #1),star-rating Five,£15.42,In stock
561,The Barefoot Contessa Cookbook,star-rating Five,£59.92,In stock
562,Tell the Wolves I'm Home,star-rating Two,£50.96,In stock
563,Ship Leaves Harbor: Essays on Travel by a Recovering Journeyman,star-rating Three,£30.60,In stock
564,Pride and Prejudice,star-rating Four,£19.27,In stock
565,Musicophilia: Tales of Music and the Brain,star-rating One,£46.58,In stock
566,Mere Christianity,star-rating Three,£48.51,In stock
567,Me Before You (Me Before You #1),star-rating One,£19.02,In stock
568,In the Woods (Dublin Murder Squad #1),star-rating Two,£38.38,In stock
569,In Cold Blood,star-rating Four,£49.98,In stock
570,How to Stop Worrying and Start Living,star-rating Five,£46.49,In stock
571,Give It Back,star-rating Two,£18.32,In stock
572,"Girl, Interrupted",star-rating Three,£42.14,In stock
573,Fun Home: A Family Tragicomic,star-rating Four,£56.59,In stock
574,"Fruits Basket, Vol. 6 (Fruits Basket #6)",star-rating Four,£20.96,In stock
575,Deception Point,star-rating Four,£40.32,In stock
576,"Death Note, Vol. 6: Give-and-Take (Death Note #6)",star-rating Three,£36.39,In stock
577,Catherine the Great: Portrait of a Woman,star-rating Four,£58.55,In stock
578,Better Homes and Gardens New Cook Book,star-rating Three,£39.61,In stock
579,An Unquiet Mind: A Memoir of Moods and Madness,star-rating Three,£21.30,In stock
580,A Year in Provence (Provence #1),star-rating Four,£56.88,In stock
581,World Without End (The Pillars of the Earth #2),star-rating Four,£32.97,In stock
582,"Will Grayson, Will Grayson (Will Grayson, Will Grayson)",star-rating Four,£47.31,In stock
583,Why Save the Bankers?: And Other Essays on Our Economic and Political Crisis,star-rating Two,£48.67,In stock
584,Where She Went (If I Stay #2),star-rating Four,£41.73,In stock
585,What If?: Serious Scientific Answers to Absurd Hypothetical Questions,star-rating Four,£53.68,In stock
586,Two Summers,star-rating One,£14.64,In stock
587,This Is Your Brain on Music: The Science of a Human Obsession,star-rating One,£38.40,In stock
588,The Secret Garden,star-rating Four,£15.08,In stock
589,The Raven King (The Raven Cycle #4),star-rating Two,£30.57,In stock
590,The Raven Boys (The Raven Cycle #1),star-rating Four,£57.74,In stock
591,The Power Greens Cookbook: 140 Delicious Superfood Recipes,star-rating Five,£11.05,In stock
592,The Metamorphosis,star-rating One,£28.58,In stock
593,The Mathews Men: Seven Brothers and the War Against Hitler's U-boats,star-rating Five,£42.91,In stock
594,The Little Paris Bookshop,star-rating Three,£24.73,In stock
595,The Hiding Place,star-rating Four,£55.91,In stock
596,The Grand Design,star-rating Three,£13.76,In stock
597,The Firm,star-rating Three,£45.56,In stock
598,The Fault in Our Stars,star-rating One,£47.22,In stock
599,The False Prince (The Ascendance Trilogy #1),star-rating Five,£56.00,In stock
600,The Expatriates,star-rating Two,£44.58,In stock
601,The Dream Thieves (The Raven Cycle #2),star-rating One,£34.50,In stock
602,The Darkest Corners,star-rating Five,£11.33,In stock
603,The Crossover,star-rating Four,£38.77,In stock
604,The 5th Wave (The 5th Wave #1),star-rating Two,£11.83,In stock
605,Tell the Wind and Fire,star-rating Three,£45.51,In stock
606,Tell Me Three Things,star-rating One,£41.81,In stock
607,Talking to Girls About Duran Duran: One Young Man's Quest for True Love and a Cooler Haircut,star-rating Four,£25.15,In stock
608,Siddhartha,star-rating Five,£34.22,In stock
609,Shiver (The Wolves of Mercy Falls #1),star-rating Five,£16.23,In stock
610,Remember Me?,star-rating Three,£11.48,In stock
611,Red Dragon (Hannibal Lecter #1),star-rating Three,£23.37,In stock
612,Peak: Secrets from the New Science of Expertise,star-rating Two,£16.28,In stock
613,My Mother Was Nuts,star-rating Four,£31.63,In stock
614,Mexican Today: New and Rediscovered Recipes for Contemporary Kitchens,star-rating Five,£24.91,In stock
615,Maybe Something Beautiful: How Art Transformed a Neighborhood,star-rating One,£22.54,In stock
616,Lola and the Boy Next Door (Anna and the French Kiss #2),star-rating Four,£23.63,In stock
617,Logan Kade (Fallen Crest High #5.5),star-rating Two,£13.12,In stock
618,Last One Home (New Beginnings #1),star-rating Three,£59.98,In stock
619,Killing Floor (Jack Reacher #1),star-rating Four,£31.49,In stock
620,Kill the Boy Band,star-rating Five,£15.52,In stock
621,Isla and the Happily Ever After (Anna and the French Kiss #3),star-rating Five,£48.13,In stock
622,If I Stay (If I Stay #1),star-rating Five,£38.13,In stock
623,I Know Why the Caged Bird Sings (Maya Angelou's Autobiography #1),star-rating Two,£36.55,In stock
624,Harry Potter and the Deathly Hallows (Harry Potter #7),star-rating One,£23.32,In stock
625,"Fruits Basket, Vol. 5 (Fruits Basket #5)",star-rating One,£16.33,In stock
626,Foundation (Foundation (Publication Order) #1),star-rating One,£32.42,In stock
627,Fool Me Once,star-rating One,£16.96,In stock
628,Find Her (Detective D.D. Warren #8),star-rating One,£22.37,In stock
629,Evicted: Poverty and Profit in the American City,star-rating One,£42.27,In stock
630,Drama,star-rating Two,£38.70,In stock
631,Dracula the Un-Dead,star-rating Five,£35.63,In stock
632,Digital Fortress,star-rating Five,£58.00,In stock
633,"Death Note, Vol. 5: Whiteout (Death Note #5)",star-rating One,£52.41,In stock
634,"Data, A Love Story: How I Gamed Online Dating to Meet My Match",star-rating Three,£32.35,In stock
635,Critique of Pure Reason,star-rating One,£20.75,In stock
636,Booked,star-rating Five,£17.49,In stock
637,"Blue Lily, Lily Blue (The Raven Cycle #3)",star-rating Five,£34.13,In stock
638,Approval Junkie: Adventures in Caring Too Much,star-rating Five,£58.81,In stock
639,An Abundance of Katherines,star-rating Five,£10.00,In stock
640,America's War for the Greater Middle East: A Military History,star-rating Two,£51.22,In stock
641,Alight (The Generations Trilogy #2),star-rating Four,£58.59,In stock
642,A Girl's Guide to Moving On (New Beginnings #2),star-rating One,£31.30,In stock
643,A Game of Thrones (A Song of Ice and Fire #1),star-rating Two,£46.42,In stock
644,A Feast for Crows (A Song of Ice and Fire #4),star-rating Four,£17.21,In stock
645,A Clash of Kings (A Song of Ice and Fire #2),star-rating Three,£10.79,In stock
646,Vogue Colors A to Z: A Fashion Coloring Book,star-rating Four,£52.35,In stock
647,The Shining (The Shining #1),star-rating Three,£27.88,In stock
648,The Pilgrim's Progress,star-rating Two,£50.26,In stock
649,The Perfect Play (Play by Play #1),star-rating Three,£59.99,In stock
650,The Passion of Dolssa,star-rating Five,£28.32,In stock
651,The Jazz of Physics: The Secret Link Between Music and the Structure of the Universe,star-rating Three,£38.71,In stock
652,The Hunger Games (The Hunger Games #1),star-rating Five,£29.85,In stock
653,The Hound of the Baskervilles (Sherlock Holmes #5),star-rating Two,£14.82,In stock
654,The Gunning of America: Business and the Making of American Gun Culture,star-rating Four,£16.81,In stock
655,The Geography of Bliss: One Grump's Search for the Happiest Places in the World,star-rating Two,£28.23,In stock
656,The Demonists (Demonist #1),star-rating Two,£52.11,In stock
657,"The Demon Prince of Momochi House, Vol. 4 (The Demon Prince of Momochi House #4)",star-rating Two,£27.88,In stock
658,The Bone Hunters (Lexy Vaughan & Steven Macaulay #2),star-rating Three,£59.71,In stock
659,The Beast (Black Dagger Brotherhood #14),star-rating Five,£46.08,In stock
660,Some Women,star-rating Five,£13.73,In stock
661,Shopaholic Ties the Knot (Shopaholic #3),star-rating Five,£48.39,In stock
662,Paper and Fire (The Great Library #2),star-rating Five,£49.45,In stock
663,Outlander (Outlander #1),star-rating Five,£19.67,In stock
664,"Orchestra of Exiles: The Story of Bronislaw Huberman, the Israel Philharmonic, and the One Thousand Jews He Saved from Nazi Horrors",star-rating Three,£12.36,In stock
665,No One Here Gets Out Alive,star-rating Five,£20.02,In stock
666,Night Shift (Night Shift #1-20),star-rating Four,£12.75,In stock
667,Needful Things,star-rating Four,£47.51,In stock
668,Mockingjay (The Hunger Games #3),star-rating Four,£20.44,In stock
669,Misery,star-rating Two,£34.79,In stock
670,Little Women (Little Women #1),star-rating Four,£28.07,In stock
671,It,star-rating Three,£25.01,In stock
672,Harry Potter and the Sorcerer's Stone (Harry Potter #1),star-rating Three,£13.90,In stock
673,Harry Potter and the Prisoner of Azkaban (Harry Potter #3),star-rating Four,£24.17,In stock
674,Harry Potter and the Order of the Phoenix (Harry Potter #5),star-rating Four,£31.63,In stock
675,Harry Potter and the Half-Blood Prince (Harry Potter #6),star-rating Five,£48.75,In stock
676,Harry Potter and the Chamber of Secrets (Harry Potter #2),star-rating One,£14.74,In stock
677,Gone with the Wind,star-rating Three,£32.49,In stock
678,God Is Not Great: How Religion Poisons Everything,star-rating One,£27.80,In stock
679,Girl With a Pearl Earring,star-rating One,£26.77,In stock
680,"Fruits Basket, Vol. 4 (Fruits Basket #4)",star-rating Four,£50.44,In stock
681,Far From True (Promise Falls Trilogy #2),star-rating Two,£34.93,In stock
682,Dark Lover (Black Dagger Brotherhood #1),star-rating One,£12.87,In stock
683,Confessions of a Shopaholic (Shopaholic #1),star-rating Two,£48.94,In stock
684,Changing the Game (Play by Play #2),star-rating Three,£13.38,In stock
685,Candide,star-rating Three,£58.63,In stock
686,Can You Keep a Secret?,star-rating One,£21.94,In stock
687,Atlas Shrugged,star-rating Five,£26.58,In stock
688,Animal Farm,star-rating Three,£57.22,In stock
689,A Walk to Remember,star-rating One,£56.43,In stock
690,A New Earth: Awakening to Your Life's Purpose,star-rating Five,£55.65,In stock
691,"A History of God: The 4,000-Year Quest of Judaism, Christianity, and Islam",star-rating One,£27.62,In stock
692,'Salem's Lot,star-rating Four,£49.56,In stock
693,Zero History (Blue Ant #3),star-rating One,£34.77,In stock
694,Wuthering Heights,star-rating Three,£17.73,In stock
695,World War Z: An Oral History of the Zombie War,star-rating One,£21.80,In stock
696,Wild: From Lost to Found on the Pacific Crest Trail,star-rating Three,£46.02,In stock
697,"Where'd You Go, Bernadette",star-rating One,£18.13,In stock
698,When You Are Engulfed in Flames,star-rating Five,£30.89,In stock
699,We the People: The Modern-Day Figures Who Have Reshaped and Affirmed the Founding Fathers' Vision of America,star-rating Three,£31.95,In stock
700,We Are All Completely Beside Ourselves,star-rating One,£24.04,In stock
701,Walk the Edge (Thunder Road #2),star-rating Three,£32.36,In stock
702,Voyager (Outlander #3),star-rating Five,£21.07,In stock
703,Very Good Lives: The Fringe Benefits of Failure and the Importance of Imagination,star-rating Three,£50.66,In stock
704,Vegan Vegetarian Omnivore: Dinner for Everyone at the Table,star-rating Two,£13.66,In stock
705,"Unstuffed: Decluttering Your Home, Mind, and Soul",star-rating One,£58.09,In stock
706,Under the Banner of Heaven: A Story of Violent Faith,star-rating One,£30.00,In stock
707,Two Boys Kissing,star-rating Two,£32.74,In stock
708,Twilight (Twilight #1),star-rating Two,£41.93,In stock
709,Twenties Girl,star-rating Two,£42.80,In stock
710,"Trespassing Across America: One Man's Epic, Never-Done-Before (and Sort of Illegal) Hike Across the Heartland",star-rating One,£53.51,In stock
711,Three-Martini Lunch,star-rating Three,£23.21,In stock
712,"Thinking, Fast and Slow",star-rating One,£21.14,In stock
713,The Wild Robot,star-rating Three,£56.07,In stock
714,"The Wicked + The Divine, Vol. 3: Commercial Suicide (The Wicked + The Divine)",star-rating Three,£14.41,In stock
715,The Undomestic Goddess,star-rating Four,£45.75,In stock
716,The Travelers,star-rating One,£15.77,In stock
717,The Tipping Point: How Little Things Can Make a Big Difference,star-rating Two,£10.02,In stock
718,The Thing About Jellyfish,star-rating One,£48.77,In stock
719,The Stand,star-rating Two,£57.86,In stock
720,The Smitten Kitchen Cookbook,star-rating One,£23.59,In stock
721,The Silkworm (Cormoran Strike #2),star-rating Five,£23.05,In stock
722,"The Sandman, Vol. 3: Dream Country (The Sandman (volumes) #3)",star-rating Five,£55.55,In stock
723,The Rose & the Dagger (The Wrath and the Dawn #2),star-rating Four,£58.64,In stock
724,The Road to Little Dribbling: Adventures of an American in Britain (Notes From a Small Island #2),star-rating One,£23.21,In stock
725,The Rise of Theodore Roosevelt (Theodore Roosevelt #1),star-rating Three,£42.57,In stock
726,The Restaurant at the End of the Universe (Hitchhiker's Guide to the Galaxy #2),star-rating One,£10.92,In stock
727,The Rest Is Noise: Listening to the Twentieth Century,star-rating One,£34.77,In stock
728,The Red Tent,star-rating Five,£35.66,In stock
729,The Purpose Driven Life: What on Earth Am I Here for?,star-rating Three,£37.19,In stock
730,The Purest Hook (Second Circle Tattoos #3),star-rating One,£12.25,In stock
731,The Picture of Dorian Gray,star-rating Two,£29.70,In stock
732,The Paris Wife,star-rating Three,£36.80,In stock
733,The Obsession,star-rating One,£45.43,In stock
734,The Nightingale,star-rating Four,£26.26,In stock
735,The New Guy (and Other Senior Year Distractions),star-rating Three,£44.92,In stock
736,The Nanny Diaries (Nanny #1),star-rating Five,£52.53,In stock
737,The Name of God is Mercy,star-rating Two,£37.25,In stock
738,The Maze Runner (The Maze Runner #1),star-rating One,£20.93,In stock
739,The Lover's Dictionary,star-rating Two,£58.09,In stock
740,The Lonely Ones,star-rating Five,£43.59,In stock
741,The Lean Startup: How Today's Entrepreneurs Use Continuous Innovation to Create Radically Successful Businesses,star-rating Three,£33.92,In stock
742,The Last Painting of Sara de Vos,star-rating Two,£55.55,In stock
743,"The Land of 10,000 Madonnas",star-rating Four,£29.64,In stock
744,The Infinities,star-rating One,£27.41,In stock
745,The Husband's Secret,star-rating Five,£52.51,In stock
746,The Hitchhiker's Guide to the Galaxy (Hitchhiker's Guide to the Galaxy #1),star-rating Three,£47.80,In stock
747,The Guns of August,star-rating Two,£14.54,In stock
748,The Guernsey Literary and Potato Peel Pie Society,star-rating One,£49.53,In stock
749,The Goldfinch,star-rating Three,£43.58,In stock
750,The Giver (The Giver Quartet #1),star-rating One,£12.30,In stock
751,The Girl with All the Gifts,star-rating Three,£49.47,In stock
752,The Girl Who Played with Fire (Millennium Trilogy #2),star-rating Two,£22.14,In stock
753,The Girl Who Kicked the Hornet's Nest (Millennium Trilogy #3),star-rating One,£57.48,In stock
754,The Exiled,star-rating Three,£43.45,In stock
755,"The End of Faith: Religion, Terror, and the Future of Reason",star-rating Four,£22.13,In stock
756,"The Elegant Universe: Superstrings, Hidden Dimensions, and the Quest for the Ultimate Theory",star-rating Four,£13.03,In stock
757,"The Disappearing Spoon: And Other True Tales of Madness, Love, and the History of the World from the Periodic Table of the Elements",star-rating Five,£57.35,In stock
758,The Devil Wears Prada (The Devil Wears Prada #1),star-rating One,£44.29,In stock
759,The Demon-Haunted World: Science as a Candle in the Dark,star-rating Four,£52.25,In stock
760,The Day the Crayons Came Home (Crayons),star-rating Five,£26.33,In stock
761,The Da Vinci Code (Robert Langdon #2),star-rating Two,£22.96,In stock
762,The Cuckoo's Calling (Cormoran Strike #1),star-rating One,£19.21,In stock
763,The Complete Stories and Poems (The Works of Edgar Allan Poe [Cameo Edition]),star-rating Four,£26.78,In stock
764,The Complete Poems,star-rating Five,£41.32,In stock
765,The Catcher in the Rye,star-rating One,£24.55,In stock
766,The Cat in the Hat (Beginner Books B-1),star-rating Two,£16.26,In stock
767,The Case for Christ (Cases for Christianity),star-rating One,£47.84,In stock
768,The Book Thief,star-rating Two,£53.49,In stock
769,The Book of Basketball: The NBA According to The Sports Guy,star-rating Five,£44.84,In stock
770,The Blind Side: Evolution of a Game,star-rating Five,£53.71,In stock
771,The Autobiography of Malcolm X,star-rating Two,£23.43,In stock
772,"The Art of Simple Food: Notes, Lessons, and Recipes from a Delicious Revolution",star-rating Three,£34.32,In stock
773,The Art of Fielding,star-rating One,£22.10,In stock
774,"Surely You're Joking, Mr. Feynman!: Adventures of a Curious Character",star-rating Two,£25.83,In stock
775,Stiff: The Curious Lives of Human Cadavers,star-rating Three,£36.74,In stock
776,Spilled Milk: Based on a True Story,star-rating One,£49.51,In stock
777,Something Borrowed (Darcy & Rachel #1),star-rating Five,£48.96,In stock
778,Something Blue (Darcy & Rachel #2),star-rating One,£54.62,In stock
779,Soldier (Talon #3),star-rating Two,£24.72,In stock
780,Shopaholic & Baby (Shopaholic #5),star-rating Two,£46.45,In stock
781,Seven Days in the Art World,star-rating Two,£52.33,In stock
782,Seven Brief Lessons on Physics,star-rating Four,£30.60,In stock
783,Scarlet (The Lunar Chronicles #2),star-rating Four,£14.57,In stock
784,Sarah's Key,star-rating One,£46.29,In stock
785,"Saga, Volume 3 (Saga (Collected Editions) #3)",star-rating Five,£21.57,In stock
786,Running with Scissors,star-rating Four,£12.91,In stock
787,Rogue Lawyer (Rogue Lawyer #1),star-rating Three,£50.11,In stock
788,"Rise of the Rocket Girls: The Women Who Propelled Us, from Missiles to the Moon to Mars",star-rating Four,£41.67,In stock
789,Rework,star-rating Two,£44.88,In stock
790,Reservations for Two,star-rating Three,£11.10,In stock
791,Red: The True Story of Red Riding Hood,star-rating Three,£28.54,In stock
792,Ready Player One,star-rating Four,£19.07,In stock
793,Quiet: The Power of Introverts in a World That Can't Stop Talking,star-rating One,£43.55,In stock
794,Prodigy: The Graphic Novel (Legend: The Graphic Novel #2),star-rating Three,£43.63,In stock
795,Persepolis: The Story of a Childhood (Persepolis #1-2),star-rating One,£39.13,In stock
796,Packing for Mars: The Curious Science of Life in the Void,star-rating Two,£56.68,In stock
797,Outliers: The Story of Success,star-rating One,£14.16,In stock
798,Original Fake,star-rating Three,£31.45,In stock
799,Orange Is the New Black,star-rating Two,£24.61,In stock
800,One for the Money (Stephanie Plum #1),star-rating Two,£32.87,In stock
801,Notes from a Small Island (Notes From a Small Island #1),star-rating One,£40.17,In stock
802,Night (The Night Trilogy #1),star-rating One,£13.51,In stock
803,Neither Here nor There: Travels in Europe,star-rating Three,£38.95,In stock
804,Naked,star-rating Three,£31.69,In stock
805,Morning Star (Red Rising #3),star-rating One,£29.40,In stock
806,"Miracles from Heaven: A Little Girl, Her Journey to Heaven, and Her Amazing Story of Healing",star-rating One,£57.83,In stock
807,Midnight Riot (Peter Grant/ Rivers of London - books #1),star-rating Two,£55.46,In stock
808,Me Talk Pretty One Day,star-rating Two,£57.60,In stock
809,Manuscript Found in Accra,star-rating Two,£34.98,In stock
810,Lust & Wonder,star-rating Two,£11.87,In stock
811,Lila (Gilead #3),star-rating Three,£12.47,In stock
812,"Life, the Universe and Everything (Hitchhiker's Guide to the Galaxy #3)",star-rating Two,£33.26,In stock
813,Life Without a Recipe,star-rating Five,£59.04,In stock
814,Life After Life,star-rating Two,£26.13,In stock
815,Letter to a Christian Nation,star-rating One,£22.20,In stock
816,Let's Pretend This Never Happened: A Mostly True Memoir,star-rating One,£45.11,In stock
817,Legend (Legend #1),star-rating Four,£43.69,In stock
818,"Lean In: Women, Work, and the Will to Lead",star-rating One,£25.02,In stock
819,"Lamb: The Gospel According to Biff, Christ's Childhood Pal",star-rating Five,£55.50,In stock
820,Lady Renegades (Rebel Belle #3),star-rating Five,£53.04,In stock
821,Jurassic Park (Jurassic Park #1),star-rating One,£44.97,In stock
822,It's Never Too Late to Begin Again: Discovering Creativity and Meaning at Midlife and Beyond,star-rating One,£42.38,In stock
823,Is Everyone Hanging Out Without Me? (And Other Concerns),star-rating Three,£20.11,In stock
824,Into the Wild,star-rating Five,£56.70,In stock
825,Inferno (Robert Langdon #4),star-rating Five,£41.00,In stock
826,"In the Garden of Beasts: Love, Terror, and an American Family in Hitler's Berlin",star-rating Three,£28.85,In stock
827,If I Run (If I Run #1),star-rating Four,£49.97,In stock
828,I've Got Your Number,star-rating One,£19.69,In stock
829,I Am Malala: The Girl Who Stood Up for Education and Was Shot by the Taliban,star-rating Two,£28.88,In stock
830,Hungry Girl Clean & Hungry: Easy All-Natural Recipes for Healthy Eating in the Real World,star-rating Three,£33.14,In stock
831,"House of Lost Worlds: Dinosaurs, Dynasties, and the Story of Life on Earth",star-rating Two,£43.70,In stock
832,House of Leaves,star-rating One,£54.89,In stock
833,Horrible Bear!,star-rating Two,£37.52,In stock
834,Holidays on Ice,star-rating Two,£51.07,In stock
835,Heir to the Sky,star-rating Four,£44.07,In stock
836,Green Eggs and Ham (Beginner Books B-16),star-rating Four,£10.79,In stock
837,"Grayson, Vol 3: Nemesis (Grayson #3)",star-rating One,£42.72,In stock
838,Gratitude,star-rating Five,£26.66,In stock
839,Gone Girl,star-rating Five,£37.60,In stock
840,Golden (Heart of Dread #3),star-rating Four,£42.21,In stock
841,Girl in the Blue Coat,star-rating Two,£46.83,In stock
842,"Fruits Basket, Vol. 3 (Fruits Basket #3)",star-rating Two,£45.17,In stock
843,"Friday Night Lights: A Town, a Team, and a Dream",star-rating Three,£51.22,In stock
844,Fire Bound (Sea Haven/Sisters of the Heart #5),star-rating Four,£21.28,In stock
845,Fifty Shades Freed (Fifty Shades #3),star-rating Five,£15.36,In stock
846,Fellside,star-rating One,£38.62,In stock
847,Extreme Prey (Lucas Davenport #26),star-rating Three,£25.40,In stock
848,Eragon (The Inheritance Cycle #1),star-rating Three,£43.87,In stock
849,Eclipse (Twilight #3),star-rating One,£18.74,In stock
850,Dune (Dune #1),star-rating One,£54.86,In stock
851,Dracula,star-rating Three,£52.62,In stock
852,Do Androids Dream of Electric Sheep? (Blade Runner #1),star-rating One,£51.48,In stock
853,Disrupted: My Misadventure in the Start-Up Bubble,star-rating Five,£15.28,In stock
854,Dead Wake: The Last Crossing of the Lusitania,star-rating Five,£39.24,In stock
855,"David and Goliath: Underdogs, Misfits, and the Art of Battling Giants",star-rating One,£17.81,In stock
856,Darkfever (Fever #1),star-rating One,£56.02,In stock
857,Dark Places,star-rating Five,£23.90,In stock
858,Crazy Rich Asians (Crazy Rich Asians #1),star-rating Five,£49.13,In stock
859,Counting Thyme,star-rating One,£10.62,In stock
860,Cosmos,star-rating Two,£36.17,In stock
861,Civilization and Its Discontents,star-rating Two,£59.95,In stock
862,Cinder (The Lunar Chronicles #1),star-rating One,£26.09,In stock
863,Catastrophic Happiness: Finding Joy in Childhood's Messy Years,star-rating Two,£37.35,In stock
864,Career of Evil (Cormoran Strike #3),star-rating Two,£24.72,In stock
865,Breaking Dawn (Twilight #4),star-rating Five,£35.28,In stock
866,Brave Enough,star-rating Five,£51.32,In stock
867,Boy Meets Boy,star-rating Three,£21.12,In stock
868,"Born to Run: A Hidden Tribe, Superathletes, and the Greatest Race the World Has Never Seen",star-rating Two,£27.35,In stock
869,Blink: The Power of Thinking Without Thinking,star-rating Five,£21.74,In stock
870,Black Flags: The Rise of ISIS,star-rating One,£40.87,In stock
871,"Black Butler, Vol. 1 (Black Butler #1)",star-rating One,£49.31,In stock
872,Big Little Lies,star-rating One,£22.11,In stock
873,Between Shades of Gray,star-rating Five,£20.79,In stock
874,Best of My Love (Fool's Gold #20),star-rating Two,£27.41,In stock
875,Beowulf,star-rating Two,£38.35,In stock
876,Beautiful Creatures (Caster Chronicles #1),star-rating Five,£21.55,In stock
877,Awkward,star-rating Two,£38.02,In stock
878,Ash,star-rating Four,£22.06,In stock
879,Are We There Yet?,star-rating Three,£10.66,In stock
880,Are We Smart Enough to Know How Smart Animals Are?,star-rating One,£56.58,In stock
881,Annie on My Mind,star-rating Five,£36.83,In stock
882,And Then There Were None,star-rating Two,£35.01,In stock
883,A Walk in the Woods: Rediscovering America on the Appalachian Trail,star-rating Four,£30.48,In stock
884,A Visit from the Goon Squad,star-rating Five,£14.08,In stock
885,A Storm of Swords (A Song of Ice and Fire #3),star-rating Two,£31.22,In stock
886,A Heartbreaking Work of Staggering Genius,star-rating Five,£54.29,In stock
887,8 Keys to Mental Health Through Exercise,star-rating One,£31.04,In stock
888,#GIRLBOSS,star-rating One,£50.96,In stock
889,"The Suffragettes (Little Black Classics, #96)",star-rating Two,£11.89,In stock
890,The Sense of an Ending,star-rating Three,£31.38,In stock
891,"The Sandman, Vol. 2: The Doll's House (The Sandman (volumes) #2)",star-rating One,£54.81,In stock
892,The Course of Love,star-rating Three,£16.78,In stock
893,Sugar Rush (Offensive Line #2),star-rating One,£24.42,In stock
894,"Saga, Volume 2 (Saga (Collected Editions) #2)",star-rating Three,£11.75,In stock
895,"Run, Spot, Run: The Ethics of Keeping Pets",star-rating One,£20.02,In stock
896,New Moon (Twilight #2),star-rating Four,£12.86,In stock
897,Life,star-rating Five,£31.58,In stock
898,Kindle Paperwhite User's Guide,star-rating Three,£34.00,In stock
899,H is for Hawk,star-rating Five,£57.42,In stock
900,Girl Online On Tour (Girl Online #2),star-rating One,£53.47,In stock
901,"Fruits Basket, Vol. 2 (Fruits Basket #2)",star-rating Five,£11.64,In stock
902,Diary of a Minecraft Zombie Book 1: A Scare of a Dare (An Unofficial Minecraft Book),star-rating Four,£52.88,In stock
903,"Y: The Last Man, Vol. 1: Unmanned (Y: The Last Man #1)",star-rating Four,£18.51,In stock
904,While You Were Mine,star-rating Five,£41.32,In stock
905,Where Lightning Strikes (Bleeding Stars #3),star-rating Three,£39.77,In stock
906,When I'm Gone,star-rating Three,£51.96,In stock
907,Ways of Seeing,star-rating Five,£39.51,In stock
908,"Vampire Knight, Vol. 1 (Vampire Knight #1)",star-rating One,£15.40,In stock
909,Vampire Girl (Vampire Girl #1),star-rating Two,£53.82,In stock
910,Twenty Love Poems and a Song of Despair,star-rating Four,£30.95,In stock
911,Travels with Charley: In Search of America,star-rating Five,£57.82,In stock
912,Three Wishes (River of Time: California #1),star-rating Two,£44.18,In stock
913,This One Moment (Pushing Limits #1),star-rating One,£48.71,In stock
914,The Zombie Room,star-rating Five,£19.69,In stock
915,"The Wicked + The Divine, Vol. 1: The Faust Act (The Wicked + The Divine)",star-rating Two,£36.52,In stock
916,The Tumor,star-rating Five,£41.56,In stock
917,The Story of Hong Gildong,star-rating Four,£43.19,In stock
918,The Silent Wife,star-rating Five,£12.34,In stock
919,The Silent Twin (Detective Jennifer Knight #3),star-rating Three,£36.25,In stock
920,The Selfish Gene,star-rating One,£29.45,In stock
921,The Secret Healer,star-rating Three,£34.56,In stock
922,"The Sandman, Vol. 1: Preludes and Nocturnes (The Sandman (volumes) #1)",star-rating Three,£54.12,In stock
923,The Republic,star-rating Three,£33.78,In stock
924,The Odyssey,star-rating Three,£29.64,In stock
925,The No. 1 Ladies' Detective Agency (No. 1 Ladies' Detective Agency #1),star-rating Four,£57.70,In stock
926,The Nicomachean Ethics,star-rating One,£36.34,In stock
927,The Name of the Wind (The Kingkiller Chronicle #1),star-rating Three,£50.59,In stock
928,The Mirror & the Maze (The Wrath and the Dawn #1.5),star-rating One,£29.38,In stock
929,The Little Prince,star-rating Two,£45.42,In stock
930,The Light of the Fireflies,star-rating One,£54.43,In stock
931,The Last Girl (The Dominion Trilogy #1),star-rating Two,£36.26,In stock
932,The Iliad,star-rating One,£16.16,In stock
933,The Hook Up (Game On #1),star-rating Five,£36.29,In stock
934,The Haters,star-rating Five,£27.89,In stock
935,The Girl You Lost,star-rating Five,£12.29,In stock
936,The Girl In The Ice (DCI Erika Foster #1),star-rating Three,£15.85,In stock
937,The End of the Jesus Era (An Investigation #1),star-rating One,£14.40,In stock
938,The Edge of Reason (Bridget Jones #2),star-rating Four,£19.18,In stock
939,The Complete Maus (Maus #1-2),star-rating Three,£10.64,In stock
940,The Communist Manifesto,star-rating Three,£14.76,In stock
941,The Bhagavad Gita,star-rating Three,£57.49,In stock
942,The Bette Davis Club,star-rating Three,£30.66,In stock
943,The Art of Not Breathing,star-rating Four,£40.83,In stock
944,Taking Shots (Assassins #1),star-rating Two,£18.88,In stock
945,Starlark,star-rating Three,£25.83,In stock
946,"Skip Beat!, Vol. 01 (Skip Beat! #1)",star-rating Three,£42.12,In stock
947,Sister Sable (The Mad Queen #1),star-rating Three,£13.33,In stock
948,Shatter Me (Shatter Me #1),star-rating One,£42.40,In stock
949,Shameless,star-rating Three,£58.35,In stock
950,Shadow Rites (Jane Yellowrock #10),star-rating Four,£21.72,In stock
951,Settling the Score (The Summer Games #1),star-rating Two,£44.91,In stock
952,Sense and Sensibility,star-rating One,£37.46,In stock
953,"Saga, Volume 1 (Saga (Collected Editions) #1)",star-rating One,£28.48,In stock
954,"Rhythm, Chord & Malykhin",star-rating Two,£28.34,In stock
955,"Rat Queens, Vol. 1: Sass & Sorcery (Rat Queens (Collected Editions) #1-5)",star-rating Five,£46.96,In stock
956,Paradise Lost (Paradise #1),star-rating One,£24.96,In stock
957,"Paper Girls, Vol. 1 (Paper Girls #1-5)",star-rating Four,£21.71,In stock
958,"Ouran High School Host Club, Vol. 1 (Ouran High School Host Club #1)",star-rating Three,£29.87,In stock
959,Origins (Alphas 0.5),star-rating One,£28.99,In stock
960,One Second (Seven #7),star-rating Two,£52.94,In stock
961,On the Road (Duluoz Legend),star-rating Three,£32.36,In stock
962,Old Records Never Die: One Man's Quest for His Vinyl and His Past,star-rating Two,£55.66,In stock
963,Off Sides (Off #1),star-rating Five,£39.45,In stock
964,Of Mice and Men,star-rating Two,£47.11,In stock
965,Myriad (Prentor #1),star-rating Four,£58.75,In stock
966,My Perfect Mistake (Over the Top #1),star-rating Two,£38.92,In stock
967,"Ms. Marvel, Vol. 1: No Normal (Ms. Marvel (2014-2015) #1)",star-rating Four,£39.39,In stock
968,Meditations,star-rating Two,£25.89,In stock
969,Matilda,star-rating One,£28.34,In stock
970,Lost Among the Living,star-rating Four,£27.70,In stock
971,Lord of the Flies,star-rating Three,£24.89,In stock
972,Listen to Me (Fusion #1),star-rating Three,£58.99,In stock
973,Kitchens of the Great Midwest,star-rating Five,£57.20,In stock
974,Jane Eyre,star-rating Five,£38.43,In stock
975,Imperfect Harmony,star-rating Four,£34.74,In stock
976,Icing (Aces Hockey #2),star-rating Four,£40.44,In stock
977,"Hawkeye, Vol. 1: My Life as a Weapon (Hawkeye #1)",star-rating Three,£45.24,In stock
978,Having the Barbarian's Baby (Ice Planet Barbarians #7.5),star-rating Four,£34.96,In stock
979,"Giant Days, Vol. 1 (Giant Days #1-4)",star-rating Four,£56.76,In stock
980,"Fruits Basket, Vol. 1 (Fruits Basket #1)",star-rating Five,£40.28,In stock
981,Frankenstein,star-rating Two,£38.00,In stock
982,Forever Rockers (The Rocker #12),star-rating Three,£28.80,In stock
983,Fighting Fate (Fighting #6),star-rating Three,£39.24,In stock
984,Emma,star-rating Two,£32.93,In stock
985,"Eat, Pray, Love",star-rating Three,£51.32,In stock
986,Deep Under (Walker Security #1),star-rating Five,£47.09,In stock
987,Choosing Our Religion: The Spiritual Lives of America's Nones,star-rating Four,£28.42,In stock
988,Charlie and the Chocolate Factory (Charlie Bucket #1),star-rating Three,£22.85,In stock
989,Charity's Cross (Charles Towne Belles #4),star-rating One,£41.24,In stock
990,Bright Lines,star-rating Five,£39.07,In stock
991,Bridget Jones's Diary (Bridget Jones #1),star-rating One,£29.82,In stock
992,Bounty (Colorado Mountain #7),star-rating Four,£37.26,In stock
993,Blood Defense (Samantha Brinkman #1),star-rating Three,£20.30,In stock
994,"Bleach, Vol. 1: Strawberry and the Soul Reapers (Bleach #1)",star-rating Five,£34.65,In stock
995,Beyond Good and Evil,star-rating One,£43.38,In stock
996,Alice in Wonderland (Alice's Adventures in Wonderland #1),star-rating One,£55.53,In stock
997,"Ajin: Demi-Human, Volume 1 (Ajin: Demi-Human #1)",star-rating Four,£57.06,In stock
998,A Spy's Devotion (The Regency Spies of London #1),star-rating Five,£16.97,In stock
999,1st to Die (Women's Murder Club #1),star-rating One,£53.98,In stock
1000,"1,000 Places to See Before You Die",star-rating Five,£26.08,In stock
